{
  "A_roboflow": {
    "n_images": 309,
    "mAP50": 0.8749144237471668,
    "mAP50_95": 0.6846438901602497,
    "precision": 0.8186499790520314,
    "recall": 0.8469969655357665,
    "per_class_mAP50": [
      0.8736033149916955,
      0.9682520033234261,
      0.7406263128405881,
      0.9171760638329576
    ],
    "per_class_mAP50_95": [
      0.7914286787819675,
      0.8407378722677181,
      0.3505940316202401,
      0.7558149779710732
    ]
  },
  "B_pseudo": {
    "n_images": 354,
    "mAP50": 0.9178405454260895,
    "mAP50_95": 0.7647804048778329,
    "precision": 0.8925570687766615,
    "recall": 0.8614934153838443,
    "per_class_mAP50": [
      0.9398735747862257,
      0.9501640330154059,
      0.8870198257087155,
      0.8943047481940107
    ],
    "per_class_mAP50_95": [
      0.880638114331165,
      0.8006756538232388,
      0.5993273565450626,
      0.7784804948118655
    ]
  },
  "C_manuel_new": {
    "n_images": 32,
    "mAP50": 0.821914083698383,
    "mAP50_95": 0.6723587249388695,
    "precision": 0.7894216550611677,
    "recall": 0.793552448301725,
    "per_class_mAP50": [
      0.92,
      0.9670932122800324,
      0.5009880829015545,
      0.8995750396119454
    ],
    "per_class_mAP50_95": [
      0.7618992537313433,
      0.8350811112862221,
      0.3186175060449051,
      0.7738370286930076
    ]
  }
}