{
  "v3": {
    "name": "v3",
    "mAP50": 0.898371082925818,
    "mAP50_95": 0.7567625882336111,
    "precision": 0.850774942799928,
    "recall": 0.8665130639454964,
    "per_class_mAP50": [
      0.9021641792421022,
      0.9653264034233987,
      0.8080090874561446,
      0.9179846615816267
    ],
    "per_class_mAP50_95": [
      0.8391167356056688,
      0.8559404634387906,
      0.5383855217630599,
      0.7936076321269252
    ]
  },
  "v4": {
    "name": "v4",
    "mAP50": 0.8963887362602062,
    "mAP50_95": 0.7247614250768404,
    "precision": 0.8498808106150226,
    "recall": 0.8494754137029419,
    "per_class_mAP50": [
      0.8997818785496928,
      0.9607867092108766,
      0.8148333441429102,
      0.9101530131373451
    ],
    "per_class_mAP50_95": [
      0.8222025726403936,
      0.8250151023460507,
      0.49086957025122857,
      0.7609584550696884
    ]
  }
}